"Address","Word Count","Sentence Count","Average Words Per Sentence","Flesch Reading Ease Score","Readability","Closest Near Duplicate Match","No. Near Duplicates","Closest Semantically Similar Address","Semantic Similarity Score","No. Semantically Similar","Semantic Relevance Score","Total Language Errors","Spelling Errors","Grammar Errors","Language","Hash","Indexability","Indexability Status"
"https://longwang.ru/","663","136","4,875","100,000","Very Easy","","0","https://longwang.ru/supplies-services-china/parallelnyj-import-is-kitaya/","0,944","155","0,943","","","","ru-RU","fa448629c04744f02c69a9d9dfeb3c18","Indexable",""
"https://longwang.ru/posledniye-novosti-iz-kitaya/","772","179","4,313","100,000","Very Easy","","0","https://longwang.ru/novosti-is-kitaya/","0,980","63","0,883","","","","ru-RU","9df40101effddba393fcc0d1f22215cb","Indexable",""
"https://longwang.ru/supplies-services-china/autsorsing-ved/otkryt-kompaniyu-v-kitae/","451","96","4,698","100,000","Very Easy","","0","https://longwang.ru/projects/import-fittings-china/","0,937","134","0,934","","","","ru-RU","1e2cff84d19ecfe976c2aa57513b2e33","Indexable",""
"https://longwang.ru/supplies-services-china/dostavka-is-kitaya/tamojennoe-oformlenie-china/","914","176","5,193","100,000","Very Easy","","0","https://longwang.ru/useful-articles/cheeper-shipping-china/","0,933","126","0,926","","","","ru-RU","db8a6498a090cc2612c3d8a31379b8a5","Indexable",""
"https://longwang.ru/supplies-services-china/autsorsing-ved/konsolidacziya-eksporta/","571","105","5,438","100,000","Very Easy","","0","https://longwang.ru/supplies-services-china/autsorsing-ved/predstavitel-v-kitae/","0,956","96","0,892","","","","ru-RU","e0cb0be402fe4c3e2b2855bef58c0799","Indexable",""
"https://longwang.ru/supplies-services-china/autsorsing-ved/","728","130","5,600","100,000","Very Easy","","0","https://longwang.ru/supplies-services-china/autsorsing-ved/ved-s-kitaem/","0,918","140","0,933","","","","ru-RU","b456aca2e6108914600c7bbd92ea5dbc","Indexable",""
"https://longwang.ru/projects/sbornye-postavki-dlya-melkogo-opta/","764","138","5,536","100,000","Very Easy","","0","https://longwang.ru/supplies-services-china/tovary-optom-dlia-marketpleisa/","0,946","129","0,916","","","","ru-RU","12327d0d0565ad0b682a26830cd6fbd9","Indexable",""
"https://longwang.ru/supplies-services-china/poisk-i-podbor-postavshika/","1182","207","5,710","100,000","Very Easy","","0","https://longwang.ru/supplies-services-china/goods-check-china/","0,920","127","0,924","","","","ru-RU","4b083fd654f6b2073273cf7c3b3d9976","Indexable",""
"https://longwang.ru/vakansii-long-wang-llc/","121","25","4,840","100,000","Very Easy","","0","https://longwang.ru/supplies-services-china/autsorsing-ved/konsolidacziya-eksporta/","0,874","22","0,853","","","","ru-RU","9a333f8a4dddbf00107a560fc967d638","Indexable",""
"https://longwang.ru/supplies-services-china/goods-check-china/","815","154","5,292","100,000","Very Easy","","0","https://longwang.ru/useful-articles/kak-vernut-tovar-v-kitay/","0,945","147","0,951","","","","ru-RU","9d1c9f12ba3c83a476d62804939fa5ea","Indexable",""
"https://longwang.ru/projects/ozon-supply-china/","663","120","5,525","100,000","Very Easy","","0","https://longwang.ru/useful-articles/tovary-iz-kitaya-dlya-marketplejsov/","0,952","75","0,882","","","","ru-RU","d6ffe31e57b7014302b6beeb63f13606","Indexable",""
"https://longwang.ru/supplies-services-china/poisk-tovara-v-kitae/","862","153","5,634","100,000","Very Easy","","0","https://longwang.ru/supplies-services-china/poisk-i-podbor-postavshika/","0,919","127","0,919","","","","ru-RU","5ac73f4a1a09f964fe82abdf57a06a0d","Indexable",""
"https://longwang.ru/processing-personal-data/","301","53","5,679","100,000","Very Easy","","0","https://longwang.ru/useful-articles/worlds-brend-equipment/","0,872","113","0,897","","","","ru-RU","1cf74b5c32a8201c10b8fa8398214e7c","Indexable",""
"https://longwang.ru/supplies-services-china/dostavka-is-kitaya/cargo/","325","85","3,824","100,000","Very Easy","","0","https://longwang.ru/supplies-services-china/autsorsing-ved/predstavitel-v-kitae/","0,871","113","0,896","","","","ru-RU","53dad6d70567a1cb12543d98519d3e78","Indexable",""
"https://longwang.ru/contact/","72","22","3,273","100,000","Very Easy","","0","https://longwang.ru/supplies-services-china/autsorsing-ved/akkreditiv-po-dogovoru-postavki/","0,815","7","0,830","","","","ru-RU","e83ea91cb37ffa7521867db96f01502e","Indexable",""
"https://longwang.ru/supplies-services-china/dostavka-is-kitaya/jeleznodorojnaya-dostavka-iz-kitaya/","411","87","4,724","100,000","Very Easy","","0","https://longwang.ru/useful-articles/kak-dostavit-gruz-iz-kitaya/","0,896","103","0,892","","","","ru-RU","ce423347bda9960b828c514b49d6aa85","Indexable",""
"https://longwang.ru/supplies-services-china/dostavka-is-kitaya/","670","128","5,234","100,000","Very Easy","","0","https://longwang.ru/supplies-services-china/dostavka-is-kitaya/aviadostavka-iz-kitaya/","0,940","140","0,937","","","","ru-RU","c064a1c6320533b3684f5fad59ac5af1","Indexable",""
"https://longwang.ru/dokumenty/","62","9","6,889","100,000","Very Easy","","0","https://longwang.ru/supplies-services-china/equipment-from-china/","0,852","63","0,868","","","","ru-RU","33bd86dcc04841e4ed5e5d83dc19b027","Indexable",""
"https://longwang.ru/supplies-services-china/proverka-postavshhika-v-kitae/","1494","248","6,024","100,000","Very Easy","","0","https://longwang.ru/supplies-services-china/goods-check-china/","0,942","136","0,935","","","","ru-RU","e2aea9ee493113d86d66123cca02f08c","Indexable",""
"https://longwang.ru/projects/oborudovanie-v-lizing-po-lgotnoj-stavke/","383","62","6,177","100,000","Very Easy","","0","https://longwang.ru/useful-articles/worlds-brend-equipment/","0,934","128","0,927","","","","ru-RU","ad370bafca319fdf135565c6ac40eca0","Indexable",""
"https://longwang.ru/projects/","77","16","4,812","100,000","Very Easy","","0","https://longwang.ru/projects/ozon-supply-china/","0,898","19","0,842","","","","ru-RU","4a9c170cbf2b6c7503941e513491246c","Indexable",""
"https://longwang.ru/supplies-services-china/dostavka-is-kitaya/sea-shipping-china/","763","135","5,652","100,000","Very Easy","","0","https://longwang.ru/supplies-services-china/dostavka-is-kitaya/freight-road-transportation/","0,921","118","0,917","","","","ru-RU","ed704a5f2f1df01192671f547e45df","Indexable",""
"https://longwang.ru/supplies-services-china/autsorsing-ved/platezhi-v-kitai/","865","150","5,767","100,000","Very Easy","","0","https://longwang.ru/supplies-services-china/parallelnyj-import-is-kitaya/brands/","0,937","127","0,926","","","","ru-RU","d16eb3e79b57193fe8b7fab9a11dc342","Indexable",""
"https://longwang.ru/supplies-services-china/parallelnyj-import-is-kitaya/brands/","944","171","5,520","100,000","Very Easy","","0","https://longwang.ru/supplies-services-china/goods-check-china/","0,940","133","0,933","","","","ru-RU","7dc661a5917d04fce4a37551fa12fc9b","Indexable",""
"https://longwang.ru/projects/steel-pipes-oil-mashinery/","617","96","6,427","100,000","Very Easy","","0","https://longwang.ru/useful-articles/kak-poluchit-gruz-v-terminale-pulkovo/","0,886","114","0,905","","","","ru-RU","d5777e6baf6b83886040ad2533a14887","Indexable",""
"https://longwang.ru/supplies-services-china/parallelnyj-import-is-kitaya/","496","87","5,701","100,000","Very Easy","","0","https://longwang.ru/","0,944","140","0,928","","","","ru-RU","8b032a3b89fa5ad1cf636fd9f1175286","Indexable",""
"https://longwang.ru/supplies-services-china/autsorsing-ved/ved-s-kitaem/","1161","184","6,310","100,000","Very Easy","","0","https://longwang.ru/useful-articles/incorrect-import-calculation/","0,928","133","0,923","","","","ru-RU","e62ad20b4a6df3dce4b764b4ab38ef13","Indexable",""
"https://longwang.ru/supplies-services-china/dostavka-is-kitaya/aviadostavka-iz-kitaya/","526","116","4,534","100,000","Very Easy","","0","https://longwang.ru/supplies-services-china/dostavka-is-kitaya/","0,940","152","0,950","","","","ru-RU","f77b7b1650e1b7e710d9010352a035c3","Indexable",""
"https://longwang.ru/projects/podbor-i-proverka-postavschika-gruzovykh-avtomobiley/","361","59","6,119","100,000","Very Easy","","0","https://longwang.ru/supplies-services-china/goods-check-china/","0,911","146","0,941","","","","ru-RU","6f70f67790c7748523cced8f24fe62eb","Indexable",""
"https://longwang.ru/projects/import-fittings-china/","492","90","5,467","100,000","Very Easy","","0","https://longwang.ru/supplies-services-china/autsorsing-ved/otkryt-kompaniyu-v-kitae/","0,937","122","0,925","","","","ru-RU","8fcfb76e0e3c890422c31b89a6d5f24","Indexable",""
"https://longwang.ru/projects/kompressornoe-oborudovanie-v-kratchajshie-sroki/","214","34","6,294","100,000","Very Easy","","0","https://longwang.ru/supplies-services-china/parallelnyj-import-is-kitaya/brands/caterpillar-spare-parts/","0,893","42","0,861","","","","ru-RU","cfecb54d6d6a31a2d635fd0f207b6d30","Indexable",""
"https://longwang.ru/supplies-services-china/tovary-optom-dlia-marketpleisa/","864","168","5,143","100,000","Very Easy","","0","https://longwang.ru/projects/sbornye-postavki-dlya-melkogo-opta/","0,946","127","0,914","","","","ru-RU","42520ee8104e1100de60c99507846533","Indexable",""
"https://longwang.ru/supplies-services-china/autsorsing-ved/akkreditiv-po-dogovoru-postavki/","431","84","5,131","100,000","Very Easy","","0","https://longwang.ru/supplies-services-china/autsorsing-ved/platezhi-v-kitai/","0,920","134","0,920","","","","ru-RU","89165b4fe005e8fc1af3bc24fc1b55f9","Indexable",""
"https://longwang.ru/o-nas/","511","119","4,294","100,000","Very Easy","","0","https://longwang.ru/supplies-services-china/autsorsing-ved/predstavitel-v-kitae/","0,879","45","0,866","","","","ru-RU","5e50584b07bb30c735d296a89ad9b47b","Indexable",""
"https://longwang.ru/supplies-services-china/dostavka-is-kitaya/freight-road-transportation/","811","143","5,671","100,000","Very Easy","","0","https://longwang.ru/supplies-services-china/dostavka-is-kitaya/sea-shipping-china/","0,921","130","0,919","","","","ru-RU","ba2f21ad634bba07d08e782a42306bcc","Indexable",""
"https://longwang.ru/supplies-services-china/autsorsing-ved/predstavitel-v-kitae/","365","81","4,506","100,000","Very Easy","","0","https://longwang.ru/supplies-services-china/autsorsing-ved/konsolidacziya-eksporta/","0,956","136","0,919","","","","ru-RU","66f852194ddd5f5037dae6e4ab87f8be","Indexable",""
"https://longwang.ru/supplies-services-china/equipment-from-china/","1416","254","5,575","100,000","Very Easy","","0","https://longwang.ru/useful-articles/purchases-without-intermediaries/","0,936","139","0,948","","","","ru-RU","c91bc60bead67ac2c943eacd466ae12c","Indexable",""
"https://longwang.ru/supplies-services-china/","992","189","5,249","100,000","Very Easy","","0","https://longwang.ru/useful-articles/poleznye-sovety-dlya-uspeshnoj-dostavki-iz-kitaya/","0,941","132","0,936","","","","ru-RU","6ece12dc1528ddae4b03b3c934d93338","Indexable",""
"https://longwang.ru/supplies-services-china/autsorsing-ved/finansirovanie-importa-iz-kitaia/","525","108","4,861","100,000","Very Easy","","0","https://longwang.ru/supplies-services-china/autsorsing-ved/akkreditiv-po-dogovoru-postavki/","0,920","133","0,926","","","","ru-RU","9ce2413bcd32074cbcf2dde276348cfe","Indexable",""
"https://longwang.ru/projects/tranzitnyj-eksport-dlya-slozhnyh-setevyh-i-servernyh-reshenij/","245","46","5,326","100,000","Very Easy","","0","https://longwang.ru/projects/effektivnye-peregovory-i-poisk-postavshhika-promyshlennogo-oborudovaniya-v-kitae/","0,882","136","0,915","","","","ru-RU","58145500a9857e4603ba4433b677e964","Indexable",""
"https://longwang.ru/projects/effektivnye-peregovory-i-poisk-postavshhika-promyshlennogo-oborudovaniya-v-kitae/","295","50","5,900","100,000","Very Easy","","0","https://longwang.ru/supplies-services-china/parallelnyj-import-is-kitaya/brands/smc-product-supplies/","0,889","92","0,888","","","","ru-RU","c99edc9f175010528232d5ddd720a98d","Indexable",""
"https://longwang.ru/supplies-services-china/equipment-from-china/thermo-equipment-china/","938","188","4,989","100,000","Very Easy","","0","https://longwang.ru/useful-articles/laboratory-thermo-equipment/","0,938","115","0,910","","","","ru-RU","6b961efc58295376e831e463c66e788a","Indexable",""
"https://longwang.ru/useful-articles/tovary-iz-kitaya-dlya-marketplejsov/","824","169","4,876","100,000","Very Easy","","0","https://longwang.ru/projects/ozon-supply-china/","0,952","95","0,895","","","","ru-RU","83590dc8494a3c99a003a170eba993f0","Indexable",""
"https://longwang.ru/useful-articles/how-much-shipping-cost/","682","131","5,206","100,000","Very Easy","","0","https://longwang.ru/useful-articles/kak-dostavit-gruz-iz-kitaya/","0,925","116","0,907","","","","ru-RU","47dc530fff42708188278c6d348c69dc","Indexable",""
"https://longwang.ru/useful-articles/konsolidacziya-sbornyh-gruzov-iz-kitaya/","669","100","6,690","100,000","Very Easy","","0","https://longwang.ru/useful-articles/kak-poluchit-gruz-v-terminale-sheremetevo/","0,929","115","0,911","","","","ru-RU","a2c26e2fb6652efd91f5a5b033348f4d","Indexable",""
"https://longwang.ru/supplies-services-china/parallelnyj-import-is-kitaya/brands/endresshauser-supply-russia/","689","133","5,180","100,000","Very Easy","87","4","https://longwang.ru/projects/podbor-i-proverka-postavschika-gruzovykh-avtomobiley/","0,797","0","0,832","","","","ru-RU","65019e7416c85172b381e2b88195e018","Indexable",""
"https://longwang.ru/supplies-services-china/parallelnyj-import-is-kitaya/brands/autonics-product-supplies/","305","72","4,236","100,000","Very Easy","","0","https://longwang.ru/supplies-services-china/dostavka-is-kitaya/aviadostavka-iz-kitaya/","0,886","122","0,903","","","","ru-RU","a24e0cdc72aad1dcf79c3af80c226acd","Indexable",""
"https://longwang.ru/supplies-services-china/parallelnyj-import-is-kitaya/brands/omron-product-supplies/","472","111","4,252","100,000","Very Easy","","0","https://longwang.ru/supplies-services-china/dostavka-is-kitaya/aviadostavka-iz-kitaya/","0,883","111","0,895","","","","ru-RU","a80f2e7fa0f12162ff108fb061663896","Indexable",""
"https://longwang.ru/supplies-services-china/parallelnyj-import-is-kitaya/brands/brevini-motion-systems-product-supplies/","987","190","5,195","100,000","Very Easy","","0","https://longwang.ru/supplies-services-china/equipment-from-china/","0,855","50","0,852","","","","ru-RU","781ce0f2d1bb04c006ee8ff6651c0445","Indexable",""
"https://longwang.ru/supplies-services-china/parallelnyj-import-is-kitaya/brands/kubler-equipment/","601","138","4,355","100,000","Very Easy","","0","https://longwang.ru/supplies-services-china/dostavka-is-kitaya/aviadostavka-iz-kitaya/","0,792","0","0,810","","","","ru-RU","a389100fc15bdbce57a8dd41c45279e2","Indexable",""
"https://longwang.ru/wp-content/uploads/2025/05/final-test-steel-pipes.pdf","0","","","","","","","","","","","","","","","","Indexable",""
"https://longwang.ru/supplies-services-china/parallelnyj-import-is-kitaya/brands/general-electric-product-supplies/","457","100","4,570","100,000","Very Easy","","0","https://longwang.ru/supplies-services-china/parallelnyj-import-is-kitaya/brands/sany-product-supplies/","0,837","31","0,863","","","","ru-RU","b3d4fb7c88732ff5f596df2ad3a3a263","Indexable",""
"https://longwang.ru/supplies-services-china/parallelnyj-import-is-kitaya/brands/abb-product-supplies/","684","127","5,386","100,000","Very Easy","97","4","https://longwang.ru/supplies-services-china/dostavka-is-kitaya/aviadostavka-iz-kitaya/","0,857","32","0,862","","","","ru-RU","e1404b95b230b0ea03bff45e389b977e","Indexable",""
"https://longwang.ru/supplies-services-china/parallelnyj-import-is-kitaya/brands/atlas-copco-product-supplies/","1298","219","5,927","100,000","Very Easy","","0","https://longwang.ru/useful-articles/atlas-copco-innovations/","0,925","2","0,826","","","","ru-RU","310645716c1bc1c20b851084bf1b997f","Indexable",""
"https://longwang.ru/supplies-services-china/parallelnyj-import-is-kitaya/brands/megger-product-supplies/","1323","230","5,752","100,000","Very Easy","","0","https://longwang.ru/supplies-services-china/parallelnyj-import-is-kitaya/brands/bitzer-compressors-parts/","0,783","0","0,768","","","","ru-RU","47d27459b6eaa644553241194e67a198","Indexable",""
"https://longwang.ru/supplies-services-china/parallelnyj-import-is-kitaya/brands/supply-masimo-products/","921","166","5,548","100,000","Very Easy","","0","https://longwang.ru/supplies-services-china/dostavka-is-kitaya/aviadostavka-iz-kitaya/","0,853","90","0,883","","","","ru-RU","a5bc70f6d5a80ed143ef48af139c8084","Indexable",""
"https://longwang.ru/supplies-services-china/parallelnyj-import-is-kitaya/brands/bitzer-compressors-parts/","899","177","5,079","100,000","Very Easy","","0","https://longwang.ru/","0,813","2","0,840","","","","ru-RU","f474480f8af4d6ccd08b3436dcab2e74","Indexable",""
"https://longwang.ru/supplies-services-china/parallelnyj-import-is-kitaya/brands/supply-ifm-electronic/","966","194","4,979","100,000","Very Easy","","0","https://longwang.ru/international/proizvodstvo-plastmassovyh-izdelij-v-kitae/","0,824","12","0,854","","","","ru-RU","f0fe77a52c608bb21fb140ae70236e15","Indexable",""
"https://longwang.ru/supplies-services-china/parallelnyj-import-is-kitaya/brands/telco-product-supply/","988","179","5,520","100,000","Very Easy","","0","https://longwang.ru/useful-articles/incorrect-labeling/","0,793","0","0,833","","","","ru-RU","1021a70e8eff20c2911203daa94cddcc","Indexable",""
"https://longwang.ru/supplies-services-china/parallelnyj-import-is-kitaya/brands/mattei-rotors-compressors/","1262","249","5,068","100,000","Very Easy","","0","https://longwang.ru/","0,788","0","0,813","","","","ru-RU","86273446b1d9b65973a0bf287e52b082","Indexable",""
"https://longwang.ru/supplies-services-china/parallelnyj-import-is-kitaya/brands/allen-bradley-product-supplies/","448","102","4,392","100,000","Very Easy","","0","https://longwang.ru/supplies-services-china/dostavka-is-kitaya/aviadostavka-iz-kitaya/","0,850","38","0,869","","","","ru-RU","8095f21ff824aa7ee7b2e638c75ff94","Indexable",""
"https://longwang.ru/supplies-services-china/parallelnyj-import-is-kitaya/brands/caterpillar-spare-parts/","429","91","4,714","100,000","Very Easy","","0","https://longwang.ru/novosti-is-kitaya/caterpillar-postavki-2022/","0,912","3","0,813","","","","ru-RU","75b8e5adbbd4bb91c4927327bfe7ec1c","Indexable",""
"https://longwang.ru/supplies-services-china/parallelnyj-import-is-kitaya/brands/volvo-penta-product-supplies/","455","97","4,691","100,000","Very Easy","","0","https://longwang.ru/supplies-services-china/parallelnyj-import-is-kitaya/brands/autonics-product-supplies/","0,862","68","0,880","","","","ru-RU","408cce995372c0bf3e927aeccb14d0dc","Indexable",""
"https://longwang.ru/supplies-services-china/parallelnyj-import-is-kitaya/brands/sany-product-supplies/","498","133","3,744","100,000","Very Easy","","0","https://longwang.ru/supplies-services-china/dostavka-is-kitaya/aviadostavka-iz-kitaya/","0,878","110","0,894","","","","ru-RU","27efae7449028a3263a90b0f521986c8","Indexable",""
"https://longwang.ru/supplies-services-china/parallelnyj-import-is-kitaya/brands/fronius-equipment-supply/","1377","232","5,935","100,000","Very Easy","","0","https://longwang.ru/","0,779","0","0,815","","","","ru-RU","bd075f595c548bf022b171266586ad0","Indexable",""
"https://longwang.ru/supplies-services-china/parallelnyj-import-is-kitaya/brands/smc-product-supplies/","740","135","5,481","100,000","Very Easy","","0","https://longwang.ru/projects/effektivnye-peregovory-i-poisk-postavshhika-promyshlennogo-oborudovaniya-v-kitae/","0,889","11","0,846","","","","ru-RU","16bc411ab9a59ce228800a09269a6254","Indexable",""
"https://longwang.ru/supplies-services-china/parallelnyj-import-is-kitaya/brands/flender-siemens-equipment/","1353","246","5,500","100,000","Very Easy","","0","https://longwang.ru/supplies-services-china/parallelnyj-import-is-kitaya/brands/allen-bradley-product-supplies/","0,781","0","0,812","","","","ru-RU","c6574a61d1a950f8ba5d03ebcee4687a","Indexable",""
"https://longwang.ru/supplies-services-china/parallelnyj-import-is-kitaya/brands/airtac-supple-china/","511","101","5,059","100,000","Very Easy","","0","https://longwang.ru/projects/podbor-i-proverka-postavschika-gruzovykh-avtomobiley/","0,835","38","0,864","","","","ru-RU","3e6e0d8adb7df3f0840fdc5dc7303f72","Indexable",""
"https://longwang.ru/supplies-services-china/parallelnyj-import-is-kitaya/brands/xinyak-product-supplies/","526","108","4,870","100,000","Very Easy","","0","https://longwang.ru/supplies-services-china/parallelnyj-import-is-kitaya/brands/sany-product-supplies/","0,867","101","0,891","","","","ru-RU","876694fe78ab4e9b1822328cc25f7dd2","Indexable",""
"https://longwang.ru/supplies-services-china/parallelnyj-import-is-kitaya/brands/schneider-electric-supply/","692","129","5,364","100,000","Very Easy","97","3","https://longwang.ru/supplies-services-china/dostavka-is-kitaya/aviadostavka-iz-kitaya/","0,811","2","0,840","","","","ru-RU","c55cac937d337d0eb2597be7e719a124","Indexable",""
"https://longwang.ru/supplies-services-china/parallelnyj-import-is-kitaya/brands/eaton-supply-china/","732","134","5,463","100,000","Very Easy","85","3","https://longwang.ru/supplies-services-china/dostavka-is-kitaya/aviadostavka-iz-kitaya/","0,866","63","0,875","","","","ru-RU","269a758db9a41a45c4e9bdef92afc620","Indexable",""
"https://longwang.ru/supplies-services-china/parallelnyj-import-is-kitaya/brands/danfoss-product-supplies/","513","103","4,981","100,000","Very Easy","","0","https://longwang.ru/useful-articles/postavki-danfoss/","0,955","24","0,863","","","","ru-RU","7cbb0c32c60bed1335edf8b87596b5c5","Indexable",""
"https://longwang.ru/supplies-services-china/parallelnyj-import-is-kitaya/brands/hydac-equipment-buy/","1163","202","5,757","100,000","Very Easy","","0","https://longwang.ru/useful-articles/product-samples/","0,800","0","0,840","","","","ru-RU","a77719291d40035dd968a891323cb8ed","Indexable",""
"https://longwang.ru/supplies-services-china/parallelnyj-import-is-kitaya/brands/pilz-equipment/","663","158","4,196","100,000","Very Easy","","0","https://longwang.ru/supplies-services-china/dostavka-is-kitaya/aviadostavka-iz-kitaya/","0,832","11","0,857","","","","ru-RU","83afba3729b5becf3e640d86253c20e2","Indexable",""
"https://longwang.ru/supplies-services-china/parallelnyj-import-is-kitaya/brands/wilo-product-supplies/","490","100","4,900","100,000","Very Easy","","0","https://longwang.ru/supplies-services-china/parallelnyj-import-is-kitaya/brands/festo-equipment-supplies/","0,871","93","0,886","","","","ru-RU","37729c284f54015eb35c39e07c2e7e66","Indexable",""
"https://longwang.ru/supplies-services-china/parallelnyj-import-is-kitaya/brands/cummins-product-supplies/","472","102","4,627","100,000","Very Easy","","0","https://longwang.ru/supplies-services-china/dostavka-is-kitaya/aviadostavka-iz-kitaya/","0,867","103","0,889","","","","ru-RU","99bca57f914cc57b13c89f275ae28f70","Indexable",""
"https://longwang.ru/supplies-services-china/parallelnyj-import-is-kitaya/brands/honeywell-supply/","783","144","5,438","100,000","Very Easy","","0","https://longwang.ru/supplies-services-china/dostavka-is-kitaya/aviadostavka-iz-kitaya/","0,802","1","0,826","","","","ru-RU","9146c43957c3fa19564801ed8aa4b0","Indexable",""
"https://longwang.ru/supplies-services-china/parallelnyj-import-is-kitaya/brands/duplomatic-products-supply/","1209","223","5,422","100,000","Very Easy","","0","https://longwang.ru/supplies-services-china/dostavka-is-kitaya/aviadostavka-iz-kitaya/","0,774","0","0,802","","","","ru-RU","ac9f6d4f9018045ad638bf78aef22bf1","Indexable",""
"https://longwang.ru/supplies-services-china/parallelnyj-import-is-kitaya/brands/curtis-instruments-product-supplies/","535","115","4,652","100,000","Very Easy","","0","https://longwang.ru/supplies-services-china/parallelnyj-import-is-kitaya/brands/allen-bradley-product-supplies/","0,780","0","0,769","","","","ru-RU","afd9ad1945d72c9114c44cde544569e6","Indexable",""
"https://longwang.ru/supplies-services-china/parallelnyj-import-is-kitaya/brands/baluff-sensors/","680","130","5,231","100,000","Very Easy","","0","https://longwang.ru/novosti-is-kitaya/portah-dalnego-vostoka/","0,832","9","0,837","","","","ru-RU","f12f0f8c177f3eadf66f49b970c6ae8","Indexable",""
"https://longwang.ru/supplies-services-china/parallelnyj-import-is-kitaya/brands/baumer-sensors-order/","1013","222","4,563","100,000","Very Easy","","0","https://longwang.ru/supplies-services-china/parallelnyj-import-is-kitaya/brands/bitzer-compressors-parts/","0,803","1","0,807","","","","ru-RU","9ed4b8eb9534c4aaa81d48892f72ff49","Indexable",""
"https://longwang.ru/supplies-services-china/parallelnyj-import-is-kitaya/brands/festo-equipment-supplies/","432","100","4,320","100,000","Very Easy","","0","https://longwang.ru/supplies-services-china/dostavka-is-kitaya/","0,875","69","0,879","","","","ru-RU","ba68162838995684ec292df8a6f88cd3","Indexable",""
"https://longwang.ru/supplies-services-china/parallelnyj-import-is-kitaya/brands/lenze-supply-russia/","702","131","5,359","100,000","Very Easy","87","4","https://longwang.ru/supplies-services-china/dostavka-is-kitaya/","0,827","23","0,852","","","","ru-RU","f32490c802592e1e2891d0a98142efa3","Indexable",""
"https://longwang.ru/supplies-services-china/parallelnyj-import-is-kitaya/brands/turck-product-supplies/","924","167","5,533","100,000","Very Easy","","0","https://longwang.ru/supplies-services-china/goods-check-china/","0,822","4","0,839","","","","ru-RU","8b6a522ee0f729b9b3eb58f8e957674b","Indexable",""
"https://longwang.ru/international/keetay-nasheemee-partnyeramee/","647","108","5,991","100,000","Very Easy","","0","https://longwang.ru/international/","0,966","117","0,913","","","","ru-RU","cfa714f1533be210a58b9bd1f1e3ab08","Indexable",""
"https://longwang.ru/posledniye-novosti-iz-kitaya/page/2/","779","172","4,529","100,000","Very Easy","","0","","","","","","","","ru-RU","fcfec3fc214af9fb6e5421b3fd6acdc5","Indexable",""
"https://longwang.ru/useful-articles/kak-dostavit-gruz-iz-kitaya/","1366","223","6,126","100,000","Very Easy","","0","https://longwang.ru/useful-articles/aviadostavka-gruzov-iz-kitaya/","0,927","134","0,938","","","","ru-RU","74177cb214ce57dba9e404d75f286f04","Indexable",""
"https://longwang.ru/useful-articles/kupit-elektroniku-nesmotrya-na-sankczii/","1750","293","5,973","100,000","Very Easy","","0","https://longwang.ru/useful-articles/popular-products-china/","0,957","130","0,924","","","","ru-RU","c173e7094293de1f3854aa34564e4eb4","Indexable",""
"https://longwang.ru/useful-articles/purchase-of-construction-equipment/","1693","317","5,341","100,000","Very Easy","","0","https://longwang.ru/useful-articles/popular-products-china/","0,948","151","0,947","","","","ru-RU","fa0aea2139a89bdc2ae8e73308969013","Indexable",""
"https://longwang.ru/useful-articles/cargo-dostavka-iz-kitaya-v-rossiyu/","1269","225","5,640","100,000","Very Easy","","0","https://longwang.ru/useful-articles/popular-products-china/","0,949","128","0,918","","","","ru-RU","5c8e631554b53dfa8d24939f0c6636ad","Indexable",""
"https://longwang.ru/useful-articles/industrial-thermo-guide/","1753","291","6,024","100,000","Very Easy","","0","https://longwang.ru/useful-articles/","0,928","126","0,926","","","","ru-RU","5de85f69f33acb2628589d049234bb37","Indexable",""
"https://longwang.ru/novosti-is-kitaya/spros-na-kitajskie-brendy-televizorov/","849","142","5,979","100,000","Very Easy","","0","https://longwang.ru/novosti-is-kitaya/","0,872","34","0,860","","","","ru-RU","42424f32aacd54067faf05bf7f00de6c","Indexable",""
"https://longwang.ru/useful-articles/find-chinese-supplier/","1942","309","6,285","100,000","Very Easy","","0","https://longwang.ru/useful-articles/torgovye-ploshadki-kitaya/","0,923","139","0,920","","","","ru-RU","3436a60a141938f9801680a14cac145c","Indexable",""
"https://longwang.ru/useful-articles/","782","176","4,443","100,000","Very Easy","","0","https://longwang.ru/useful-articles/industrial-thermo-guide/","0,928","143","0,945","","","","ru-RU","a1c2de9d52dad1ce4a4b216ab53af778","Indexable",""
"https://longwang.ru/useful-articles/laboratory-thermo-equipment/","1260","223","5,650","100,000","Very Easy","","0","https://longwang.ru/supplies-services-china/equipment-from-china/thermo-equipment-china/","0,938","125","0,922","","","","ru-RU","e7caa688b08c301f1726caa771c3d448","Indexable",""
"https://longwang.ru/international/","679","154","4,409","100,000","Very Easy","","0","https://longwang.ru/international/keetay-nasheemee-partnyeramee/","0,966","102","0,904","","","","ru-RU","5fc4ea9af4e31b5ec0276e6a690b2e89","Indexable",""
"https://longwang.ru/novosti-is-kitaya/kitajskie-akczii-v-rossii/","738","118","6,254","100,000","Very Easy","","0","https://longwang.ru/novosti-is-kitaya/","0,962","60","0,874","","","","ru-RU","e6123df6c3c8f48c7fd3a6ddaf8a17d","Indexable",""
"https://longwang.ru/novosti-is-kitaya/","776","177","4,384","100,000","Very Easy","","0","https://longwang.ru/posledniye-novosti-iz-kitaya/","0,980","47","0,861","","","","ru-RU","e1dd87f5ab1b51ee9539d98f53c8f269","Indexable",""
"https://longwang.ru/posledniye-novosti-iz-kitaya/page/10/","290","75","3,867","100,000","Very Easy","","0","","","","","","","","ru-RU","369acbf5d6ba57a964da2e1ea67a836e","Indexable",""
"https://longwang.ru/useful-articles/page/7/","744","170","4,376","100,000","Very Easy","","0","","","","","","","","ru-RU","e2d9c971734260e4919c4c282d4a019a","Indexable",""
"https://longwang.ru/international/novyj-hab-dlya-tovarov-iz-kitaya/","506","67","7,552","100,000","Very Easy","","0","https://longwang.ru/supplies-services-china/goods-check-china/","0,893","141","0,926","","","","ru-RU","776a070f162a95c2297e353f01e71914","Indexable",""
"https://longwang.ru/novosti-is-kitaya/page/2/","352","86","4,093","100,000","Very Easy","","0","","","","","","","","ru-RU","67062cb63e39ba7c37e4a248b993d0b","Indexable",""
"https://longwang.ru/useful-articles/product-samples/","1458","238","6,126","100,000","Very Easy","","0","https://longwang.ru/supplies-services-china/goods-check-china/","0,925","135","0,931","","","","ru-RU","d7d0f26042c13158f0ec8c8a318268d5","Indexable",""
"https://longwang.ru/useful-articles/negotiations-with-chinese-partners/","1411","293","4,816","100,000","Very Easy","","0","https://longwang.ru/supplies-services-china/autsorsing-ved/ved-s-kitaem/","0,920","130","0,919","","","","ru-RU","162c3e6d128887b7bfe037245a37e246","Indexable",""
"https://longwang.ru/useful-articles/shipping-cost/","750","128","5,859","100,000","Very Easy","","0","https://longwang.ru/useful-articles/poleznye-sovety-dlya-uspeshnoj-dostavki-iz-kitaya/","0,938","133","0,937","","","","ru-RU","8c21a83656b5a7026ef6604ed650cb61","Indexable",""
"https://longwang.ru/posledniye-novosti-iz-kitaya/page/9/","748","169","4,426","100,000","Very Easy","","0","","","","","","","","ru-RU","86fe2e6463c356065cc9563d91ce466d","Indexable",""
"https://longwang.ru/novosti-is-kitaya/itogi-rasprodazhi-11-11/","1501","235","6,387","100,000","Very Easy","","0","https://longwang.ru/posledniye-novosti-iz-kitaya/","0,926","99","0,905","","","","ru-RU","16080fb99a292d8d74a67f6952c62bdc","Indexable",""
"https://longwang.ru/novosti-is-kitaya/xiaomi-vvoz-noutbukov-v-rossiyu/","367","58","6,328","100,000","Very Easy","","0","https://longwang.ru/useful-articles/analogi-mirovyh-brendov-v-kitae/","0,848","22","0,847","","","","ru-RU","6ac3aed7082f0c6a4899fac8a6959fd8","Indexable",""
"https://longwang.ru/novosti-is-kitaya/caterpillar-postavki-2022/","444","70","6,343","100,000","Very Easy","","0","https://longwang.ru/supplies-services-china/parallelnyj-import-is-kitaya/brands/caterpillar-spare-parts/","0,912","3","0,791","","","","ru-RU","64f73f44934eacc8f8b9d333ae4760bb","Indexable",""
"https://longwang.ru/novosti-is-kitaya/kitajskie-drony-mirovoj-trend/","869","146","5,952","100,000","Very Easy","","0","https://longwang.ru/international/tovarooborot-rossii-i-kitaya-stavit-rekordy/","0,909","101","0,903","","","","ru-RU","a074bf06409a256babebe2032430dd2f","Indexable",""
"https://longwang.ru/novosti-is-kitaya/prekrascheniye-raboty-kitayskogo-banka-s-rossiyey/","763","112","6,812","100,000","Very Easy","","0","https://longwang.ru/useful-articles/worlds-brend-equipment/","0,877","128","0,905","","","","ru-RU","9ca7e1fd202352fd3b0b8fd2cb0bb543","Indexable",""
"https://longwang.ru/novosti-is-kitaya/portah-dalnego-vostoka/","345","45","7,667","100,000","Very Easy","","0","https://longwang.ru/useful-articles/otkaznye-pisma/","0,907","144","0,936","","","","ru-RU","710b12caf304bcb7d53df6cc7c601425","Indexable",""
"https://longwang.ru/international/speczialnye-ekonomicheskie-zony-v-kitae/","887","151","5,874","100,000","Very Easy","","0","https://longwang.ru/supplies-services-china/equipment-from-china/","0,929","139","0,938","","","","ru-RU","89170fa136f328486b4e1346a1feed02","Indexable",""
"https://longwang.ru/international/import-v-kitaj/","284","42","6,762","100,000","Very Easy","","0","https://longwang.ru/useful-articles/rasschitat-dostavku-iz-kitaya/","0,887","89","0,888","","","","ru-RU","df8a76df9d6f0f3bf65c0fb218c71e8a","Indexable",""
"https://longwang.ru/international/tovarooborot-rossii-i-kitaya-stavit-rekordy/","836","148","5,649","100,000","Very Easy","","0","https://longwang.ru/novosti-is-kitaya/rost-czen-na-postavki-tovarov-iz-kitaya-v-rossiyu/","0,931","61","0,876","","","","ru-RU","d6c5c8879492e985d326c46d5ecce7e9","Indexable",""
"https://longwang.ru/international/volna-kitayskogo-eksporta/","948","161","5,888","100,000","Very Easy","","0","https://longwang.ru/useful-articles/parallelnyj-import-segodnya/","0,942","146","0,939","","","","ru-RU","44925aac09a195986a59849d5a18c9cd","Indexable",""
"https://longwang.ru/international/prodazhee-keetayiskeeh-bryendov/","166","28","5,929","100,000","Very Easy","","0","https://longwang.ru/","0,882","120","0,907","","","","ru-RU","34197dd2492fa944b4688767c5855a65","Indexable",""
"https://longwang.ru/international/proizvodstvo-plastmassovyh-izdelij-v-kitae/","517","79","6,544","100,000","Very Easy","","0","https://longwang.ru/international/volna-kitayskogo-eksporta/","0,906","144","0,934","","","","ru-RU","efc519879422245777fab9161f54326d","Indexable",""
"https://longwang.ru/international/kitajskaya-kosmeticheskaya-industriya/","361","66","5,470","100,000","Very Easy","","0","https://longwang.ru/international/proizvodstvo-plastmassovyh-izdelij-v-kitae/","0,904","111","0,910","","","","ru-RU","40ad17fbe23365eca2d9e9e16b1a66e3","Indexable",""
"https://longwang.ru/useful-articles/page/3/","800","179","4,469","100,000","Very Easy","","0","","","","","","","","ru-RU","125dffcc4426334aaa3326c345182294","Indexable",""
"https://longwang.ru/useful-articles/page/2/","778","176","4,420","100,000","Very Easy","","0","","","","","","","","ru-RU","d739f72f4c661ebc43fbed0f8603d5f8","Indexable",""
"https://longwang.ru/useful-articles/kak-kupit-oborudovanie-kitay/","1158","229","5,057","100,000","Very Easy","","0","https://longwang.ru/useful-articles/purchase-of-construction-equipment/","0,915","144","0,934","","","","ru-RU","f988ecc81e50fc3c4126362fe9f18626","Indexable",""
"https://longwang.ru/useful-articles/popular-products-china/","1234","225","5,484","100,000","Very Easy","","0","https://longwang.ru/useful-articles/kupit-elektroniku-nesmotrya-na-sankczii/","0,957","130","0,925","","","","ru-RU","d6cb5dcfd67d80ff325ee57b55fed50c","Indexable",""
"https://longwang.ru/useful-articles/incorrect-labeling/","1109","198","5,601","100,000","Very Easy","","0","https://longwang.ru/useful-articles/tamozhennaya-sertifikacziya/","0,931","150","0,944","","","","ru-RU","4a11f7858ed1b3964f32ff107011e584","Indexable",""
"https://longwang.ru/useful-articles/ozon-from-china/","1066","193","5,523","100,000","Very Easy","","0","https://longwang.ru/useful-articles/purchase-of-construction-equipment/","0,916","140","0,928","","","","ru-RU","544a67f5eddf4b80cbee01242ebb257","Indexable",""
"https://longwang.ru/useful-articles/useful-articles-furniture-from-china/","1186","216","5,491","100,000","Very Easy","","0","https://longwang.ru/useful-articles/obrazczy-dokumentov-dlya-raboty-s-postavshhikami-iz-kitaya/","0,921","136","0,935","","","","ru-RU","7a55b6ae85312a6e61e408ab89d2d8c9","Indexable",""
"https://longwang.ru/posledniye-novosti-iz-kitaya/page/3/","795","182","4,368","100,000","Very Easy","","0","","","","","","","","ru-RU","a20ee1a8daec17225b3ad04113dfd733","Indexable",""
"https://longwang.ru/useful-articles/populyarnyye-tovary-iz-kitaya/","1209","230","5,257","100,000","Very Easy","","0","https://longwang.ru/useful-articles/popular-products-china/","0,930","141","0,939","","","","ru-RU","78b148d3bd2e26098dfb120bca7c669b","Indexable",""
"https://longwang.ru/useful-articles/vat-refund-china/","948","185","5,124","100,000","Very Easy","","0","https://longwang.ru/international/volna-kitayskogo-eksporta/","0,878","119","0,906","","","","ru-RU","adcc81973b048722ca3c9d65649c61c5","Indexable",""
"https://longwang.ru/useful-articles/dokumentalnoe-oformlenie-importa-cherez-agenta/","746","119","6,269","100,000","Very Easy","","0","https://longwang.ru/useful-articles/agent-ved-broker-kitay/","0,941","129","0,929","","","","ru-RU","dc0a50579942c0f925d4dbe81dd134eb","Indexable",""
"https://longwang.ru/useful-articles/top-oborudovanie-iz-kitaya/","990","193","5,130","100,000","Very Easy","","0","https://longwang.ru/useful-articles/popular-products-china/","0,947","138","0,935","","","","ru-RU","5b9f99710ae25eb7d1c976c028e6b437","Indexable",""
"https://longwang.ru/useful-articles/bayer-v-kitae-plyusy-i-minusy/","933","147","6,347","100,000","Very Easy","","0","https://longwang.ru/useful-articles/kak-nachat-biznes-s-kitaem-chast-1/","0,929","111","0,901","","","","ru-RU","6242a1259dc0bd8f6b9eb63ebfc7bc1d","Indexable",""
"https://longwang.ru/useful-articles/belaya-dostavka-iz-kitaya/","960","157","6,115","100,000","Very Easy","","0","https://longwang.ru/useful-articles/obrazczy-dokumentov-dlya-raboty-s-postavshhikami-iz-kitaya/","0,926","123","0,916","","","","ru-RU","c3711a7ff1a466dfd27b43b098e49036","Indexable",""
"https://longwang.ru/useful-articles/kak-nachat-biznes-s-kitaem-chast-1/","1073","158","6,791","100,000","Very Easy","","0","https://longwang.ru/useful-articles/kak-nachat-biznes-s-kitaem-s-nulya-chast-2/","0,969","124","0,925","","","","ru-RU","f855ceab2209fb5c410d4845c75f0b9","Indexable",""
"https://longwang.ru/novosti-is-kitaya/rost-czen-na-postavki-tovarov-iz-kitaya-v-rossiyu/","1182","204","5,794","100,000","Very Easy","","0","https://longwang.ru/useful-articles/biznes-s-kitaem-s-nulya-chto-nuzhno-znat-nachinayushhemu-predprinimatelyu/","0,949","107","0,908","","","","ru-RU","1660c501ea40317d877b8e4092171591","Indexable",""
"https://longwang.ru/novosti-is-kitaya/kitajskaya-industriya-igrushek/","1146","201","5,701","100,000","Very Easy","","0","https://longwang.ru/useful-articles/biznes-s-kitaem-s-nulya-chto-nuzhno-znat-nachinayushhemu-predprinimatelyu/","0,917","130","0,915","","","","ru-RU","f965725be682f294a9fc2aea76059a46","Indexable",""
"https://longwang.ru/useful-articles/rasschitat-dostavku-iz-kitaya/","804","117","6,872","100,000","Very Easy","","0","https://longwang.ru/supplies-services-china/dostavka-is-kitaya/aviadostavka-iz-kitaya/","0,906","122","0,913","","","","ru-RU","7dc8b6524d5e2bc3d91b2cd0a03186b0","Indexable",""
"https://longwang.ru/useful-articles/cargo-at-customs/","1350","267","5,056","100,000","Very Easy","","0","https://longwang.ru/supplies-services-china/dostavka-is-kitaya/tamojennoe-oformlenie-china/","0,925","122","0,923","","","","ru-RU","b7e761e616d4f9be863a3ecec1b087e6","Indexable",""
"https://longwang.ru/useful-articles/ten-mistakes/","731","138","5,297","100,000","Very Easy","","0","https://longwang.ru/supplies-services-china/equipment-from-china/","0,915","126","0,925","","","","ru-RU","9b357131be990bf3ec37493ebb4f024d","Indexable",""
"https://longwang.ru/supplies-services-china/equipment-from-china/thermo-equipment-china/tubular-compact-furnaces/","981","216","4,542","100,000","Very Easy","","0","https://longwang.ru/supplies-services-china/equipment-from-china/thermo-equipment-china/chamber-furnaces-china/","0,904","58","0,877","","","","ru-RU","dc2e8bd1f4159d039808eb0afb69f888","Indexable",""
"https://longwang.ru/supplies-services-china/equipment-from-china/thermo-equipment-china/water-baths-thermostats/","864","229","3,773","100,000","Very Easy","","0","https://longwang.ru/supplies-services-china/equipment-from-china/thermo-equipment-china/","0,845","10","0,826","","","","ru-RU","3e509781dd62c0505563340a08647e4b","Indexable",""
"https://longwang.ru/supplies-services-china/equipment-from-china/thermo-equipment-china/vacuum-soldering-furnaces/","795","164","4,848","100,000","Very Easy","","0","https://longwang.ru/supplies-services-china/equipment-from-china/thermo-equipment-china/tubular-compact-furnaces/","0,874","15","0,840","","","","ru-RU","1f66fbca0e6a148a52957f82c9730069","Indexable",""
"https://longwang.ru/supplies-services-china/equipment-from-china/thermo-equipment-china/chamber-furnaces-china/","937","212","4,420","100,000","Very Easy","","0","https://longwang.ru/supplies-services-china/equipment-from-china/thermo-equipment-china/muffle-furnaces-china/","0,911","40","0,860","","","","ru-RU","39056c76b268673e4027e830c664975b","Indexable",""
"https://longwang.ru/supplies-services-china/equipment-from-china/thermo-equipment-china/drying-cabinets-china/","919","210","4,376","100,000","Very Easy","","0","https://longwang.ru/supplies-services-china/equipment-from-china/thermo-equipment-china/drying-cultivation-cabinets/","0,866","8","0,806","","","","ru-RU","479283c3d3982105d2d1d90e6c8caafa","Indexable",""
"https://longwang.ru/supplies-services-china/equipment-from-china/thermo-equipment-china/tubular-furnaces-china/","901","197","4,574","100,000","Very Easy","","0","https://longwang.ru/supplies-services-china/equipment-from-china/thermo-equipment-china/","0,880","13","0,838","","","","ru-RU","cb2786b33885af59a6c1b6fb423e921b","Indexable",""
"https://longwang.ru/supplies-services-china/equipment-from-china/thermo-equipment-china/specialized-industrial-furnaces/","909","216","4,208","100,000","Very Easy","","0","https://longwang.ru/supplies-services-china/equipment-from-china/thermo-equipment-china/tubular-compact-furnaces/","0,878","13","0,851","","","","ru-RU","f59a87b687f768e703a03c063a9da66f","Indexable",""
"https://longwang.ru/supplies-services-china/equipment-from-china/thermo-equipment-china/vacuum-drying-chambers/","886","191","4,639","100,000","Very Easy","","0","https://longwang.ru/supplies-services-china/dostavka-is-kitaya/sea-shipping-china/","0,878","102","0,896","","","","ru-RU","190bc5087d1bd02caa0f5d203ba91043","Indexable",""
"https://longwang.ru/supplies-services-china/equipment-from-china/thermo-equipment-china/drying-cultivation-cabinets/","1134","252","4,500","100,000","Very Easy","","0","https://longwang.ru/useful-articles/laboratory-thermo-equipment/","0,906","95","0,892","","","","ru-RU","d802ca397d3b3196c97462fe492988b8","Indexable",""
"https://longwang.ru/useful-articles/pryamye-postavki-iz-kitaya/","1143","173","6,607","100,000","Very Easy","","0","https://longwang.ru/supplies-services-china/goods-check-china/","0,936","138","0,940","","","","ru-RU","4189e3b0b56694ca78044fce1b2ab909","Indexable",""
"https://longwang.ru/useful-articles/proizvodstvo-svoego-tovara-v-kitae/","1271","221","5,751","100,000","Very Easy","","0","https://longwang.ru/novosti-is-kitaya/spad-proizvodstva-kitaya/","0,890","129","0,911","","","","ru-RU","c6f4218ea5611c0fce1f65463b64a525","Indexable",""
"https://longwang.ru/supplies-services-china/equipment-from-china/thermo-equipment-china/muffle-furnaces-china/","1044","269","3,881","100,000","Very Easy","","0","https://longwang.ru/supplies-services-china/equipment-from-china/thermo-equipment-china/chamber-furnaces-china/","0,911","28","0,853","","","","ru-RU","427c4a4017b24cab8c314e0af6efa0eb","Indexable",""
"https://longwang.ru/useful-articles/page/5/","747","178","4,197","100,000","Very Easy","","0","","","","","","","","ru-RU","2aa322f31eea58fcdec698ccddcb10c6","Indexable",""
"https://longwang.ru/useful-articles/page/6/","758","172","4,407","100,000","Very Easy","85","1","","","","","","","","ru-RU","984d9674354a06001e3360657622c7d6","Indexable",""
"https://longwang.ru/useful-articles/exhibitions-in-china/","830","138","6,014","100,000","Very Easy","","0","https://longwang.ru/useful-articles/kitajskie-internet-magaziny/","0,885","108","0,890","","","","ru-RU","dbb32d27e5841fca8ccf82f39cdc6cc9","Indexable",""
"https://longwang.ru/useful-articles/customs-clearance-china/","1240","213","5,822","100,000","Very Easy","","0","https://longwang.ru/supplies-services-china/","0,926","111","0,912","","","","ru-RU","34e0175deb398ffe8ef9ba908f5b612b","Indexable",""
"https://longwang.ru/useful-articles/mistakes-when-working-china/","713","132","5,402","100,000","Very Easy","","0","https://longwang.ru/useful-articles/find-chinese-supplier/","0,901","123","0,912","","","","ru-RU","fc4c0f91b9b4a30414c7bd84ec8fe302","Indexable",""
"https://longwang.ru/useful-articles/kak-vernut-tovar-v-kitay/","980","146","6,712","100,000","Very Easy","","0","https://longwang.ru/supplies-services-china/goods-check-china/","0,945","113","0,913","","","","ru-RU","163d55f1b5bcf44104e9d764ffd817de","Indexable",""
"https://longwang.ru/useful-articles/oplata-tovarov-v-kitae/","1306","211","6,190","100,000","Very Easy","","0","https://longwang.ru/novosti-is-kitaya/rost-czen-na-postavki-tovarov-iz-kitaya-v-rossiyu/","0,916","122","0,912","","","","ru-RU","75c8161a2df598d7d96b0eb54f1e9d2b","Indexable",""
"https://longwang.ru/useful-articles/purchases-without-intermediaries/","545","125","4,360","100,000","Very Easy","","0","https://longwang.ru/supplies-services-china/goods-check-china/","0,942","125","0,931","","","","ru-RU","ef6d296ee95816c0f370dd6ac73e7bf2","Indexable",""
"https://longwang.ru/useful-articles/kitajskie-internet-magaziny/","835","123","6,789","100,000","Very Easy","","0","https://longwang.ru/useful-articles/find-chinese-supplier/","0,907","141","0,928","","","","ru-RU","6395079239b1a12eb7a6b1d0549213a7","Indexable",""
"https://longwang.ru/useful-articles/cheeper-shipping-china/","945","150","6,300","100,000","Very Easy","","0","https://longwang.ru/supplies-services-china/dostavka-is-kitaya/tamojennoe-oformlenie-china/","0,933","144","0,945","","","","ru-RU","ffba861fd68cba81a02a884d1b71b3fc","Indexable",""
"https://longwang.ru/useful-articles/wholesale-goods-alibaba/","1349","234","5,765","100,000","Very Easy","","0","https://longwang.ru/useful-articles/find-chinese-supplier/","0,912","29","0,854","","","","ru-RU","c477264533a679366b1bad080bace349","Indexable",""
"https://longwang.ru/useful-articles/kak-nachat-biznes-s-kitaem-s-nulya-chast-2/","1476","200","7,380","100,000","Very Easy","","0","https://longwang.ru/useful-articles/kak-nachat-biznes-s-kitaem-chast-1/","0,969","127","0,927","","","","ru-RU","7afe290cd628479e4abba6dba986e879","Indexable",""
"https://longwang.ru/posledniye-novosti-iz-kitaya/page/4/","736","164","4,488","100,000","Very Easy","","0","","","","","","","","ru-RU","a9f5afcf7eedf5a3a48ecd1d1181009a","Indexable",""
"https://longwang.ru/useful-articles/spring-festival-in-china/","691","124","5,573","100,000","Very Easy","","0","https://longwang.ru/useful-articles/obrazczy-dokumentov-dlya-raboty-s-postavshhikami-iz-kitaya/","0,907","124","0,920","","","","ru-RU","1c785299bc07eebd9535c97197fc5f85","Indexable",""
"https://longwang.ru/useful-articles/himicheskaya-promyshlennost-v-kitae/","479","85","5,635","100,000","Very Easy","","0","https://longwang.ru/useful-articles/obrazczy-dokumentov-dlya-raboty-s-postavshhikami-iz-kitaya/","0,890","123","0,911","","","","ru-RU","6b2e2b2004e769e31c2fc03eda55b7de","Indexable",""
"https://longwang.ru/useful-articles/obrazczy-dokumentov-dlya-raboty-s-postavshhikami-iz-kitaya/","1116","198","5,636","100,000","Very Easy","","0","https://longwang.ru/useful-articles/belaya-dostavka-iz-kitaya/","0,926","140","0,945","","","","ru-RU","966e1f575ad6a3e3c5971ef5730c3d8c","Indexable",""
"https://longwang.ru/useful-articles/aviadostavka-gruzov-iz-kitaya/","903","186","4,855","100,000","Very Easy","","0","https://longwang.ru/useful-articles/cargo-dostavka-iz-kitaya-v-rossiyu/","0,928","137","0,935","","","","ru-RU","899814ec7ffcaf1b9780be7fb12c26eb","Indexable",""
"https://longwang.ru/useful-articles/kak-poluchit-gruz-v-terminale-pulkovo/","608","107","5,682","100,000","Very Easy","","0","https://longwang.ru/useful-articles/kak-poluchit-gruz-v-terminale-sheremetevo/","0,936","140","0,936","","","","ru-RU","15f1e4f368e32805a0b12c90e5e1c938","Indexable",""
"https://longwang.ru/useful-articles/page/4/","717","164","4,372","100,000","Very Easy","","0","","","","","","","","ru-RU","ad77fe31da2872c7e572507da897ed37","Indexable",""
"https://longwang.ru/useful-articles/worlds-brend-equipment/","840","107","7,850","100,000","Very Easy","","0","https://longwang.ru/projects/oborudovanie-v-lizing-po-lgotnoj-stavke/","0,934","135","0,938","","","","ru-RU","f61fef79b4f14448a2e8fe766ddcd987","Indexable",""
"https://longwang.ru/useful-articles/import-of-batteries/","737","130","5,669","100,000","Very Easy","","0","https://longwang.ru/useful-articles/cheeper-shipping-china/","0,924","131","0,929","","","","ru-RU","5a43146c263b1f4595eec10333290773","Indexable",""
"https://longwang.ru/useful-articles/incorrect-import-calculation/","1057","141","7,496","100,000","Very Easy","","0","https://longwang.ru/supplies-services-china/autsorsing-ved/ved-s-kitaem/","0,928","125","0,920","","","","ru-RU","cc0acc62add1bdfad13d45fe6e2f476a","Indexable",""
"https://longwang.ru/useful-articles/payment-methods-china/","1175","144","8,160","100,000","Very Easy","","0","https://longwang.ru/supplies-services-china/autsorsing-ved/platezhi-v-kitai/","0,926","138","0,939","","","","ru-RU","5311428506519c4d0d4c61568b627736","Indexable",""
"https://longwang.ru/useful-articles/torgovye-ploshadki-kitaya/","910","177","5,141","100,000","Very Easy","","0","https://longwang.ru/useful-articles/find-chinese-supplier/","0,923","35","0,862","","","","ru-RU","c86c5b64e5f90a4a18d2925f6d57dc85","Indexable",""
"https://longwang.ru/useful-articles/poleznye-sovety-dlya-uspeshnoj-dostavki-iz-kitaya/","388","67","5,791","100,000","Very Easy","","0","https://longwang.ru/supplies-services-china/goods-check-china/","0,944","121","0,928","","","","ru-RU","c72d5d579a0a15967ed5c0b756c077c5","Indexable",""
"https://longwang.ru/useful-articles/analogi-mirovyh-brendov-v-kitae/","511","77","6,636","100,000","Very Easy","","0","https://longwang.ru/useful-articles/kitajskie-internet-magaziny/","0,875","73","0,879","","","","ru-RU","4c1bb00e4d11b233321f55528a9024fb","Indexable",""
"https://longwang.ru/useful-articles/zashhita-informaczii-ved/","519","71","7,310","100,000","Very Easy","","0","https://longwang.ru/useful-articles/agent-ved-broker-kitay/","0,934","121","0,920","","","","ru-RU","d2870ee5d751cece5dffc6d6684af770","Indexable",""
"https://longwang.ru/useful-articles/proslezhivaemost-chestnyj-znak/","1211","222","5,455","100,000","Very Easy","","0","https://longwang.ru/useful-articles/incorrect-labeling/","0,897","128","0,917","","","","ru-RU","14c3060275cfd78e0af8236ad9fd0460","Indexable",""
"https://longwang.ru/useful-articles/proslezhivaemost-tovarov/","711","120","5,925","100,000","Very Easy","","0","https://longwang.ru/useful-articles/tamozhennaya-sertifikacziya/","0,927","141","0,937","","","","ru-RU","af1f3e4e3aeae5e7dbef3d162bc0dd72","Indexable",""
"https://longwang.ru/useful-articles/delayed-cargo-from-china/","1693","277","6,112","100,000","Very Easy","","0","https://longwang.ru/useful-articles/cheeper-shipping-china/","0,916","107","0,905","","","","ru-RU","85db5b87c08aa2b910ab625021f6be10","Indexable",""
"https://longwang.ru/useful-articles/iz-kitaya-mozhet-prijti-povrezhdyonnyj-gruz/","787","127","6,197","100,000","Very Easy","","0","https://longwang.ru/useful-articles/pryamye-postavki-iz-kitaya/","0,931","111","0,913","","","","ru-RU","6e6d90dee4eb3c512b3aadf98739b390","Indexable",""
"https://longwang.ru/useful-articles/otkaznye-pisma/","822","141","5,830","100,000","Very Easy","","0","https://longwang.ru/supplies-services-china/goods-check-china/","0,941","144","0,943","","","","ru-RU","bf81a02e1879538d85765f1c7ede96ac","Indexable",""
"https://longwang.ru/useful-articles/kak-poluchit-gruz-v-terminale-sheremetevo/","722","116","6,224","100,000","Very Easy","","0","https://longwang.ru/useful-articles/kak-poluchit-gruz-v-terminale-pulkovo/","0,936","107","0,903","","","","ru-RU","7b4d935da87cb80c7e861f00dfde4052","Indexable",""
"https://longwang.ru/useful-articles/agent-ved-broker-kitay/","566","104","5,442","100,000","Very Easy","","0","https://longwang.ru/useful-articles/dokumentalnoe-oformlenie-importa-cherez-agenta/","0,941","131","0,931","","","","ru-RU","5e069742768067f908799ee7d1203cbf","Indexable",""
"https://longwang.ru/useful-articles/atlas-copco-innovations/","654","107","6,112","100,000","Very Easy","","0","https://longwang.ru/supplies-services-china/parallelnyj-import-is-kitaya/brands/atlas-copco-product-supplies/","0,925","38","0,864","","","","ru-RU","4bab4cab940301cb15ca1084721240c6","Indexable",""
"https://longwang.ru/useful-articles/tamozhennaya-sertifikacziya/","1650","276","5,978","100,000","Very Easy","","0","https://longwang.ru/useful-articles/otkaznye-pisma/","0,932","146","0,941","","","","ru-RU","70982a3d0b280a9532975922e54e1383","Indexable",""
"https://longwang.ru/useful-articles/logistika-iz-kitaya/","424","70","6,057","100,000","Very Easy","","0","https://longwang.ru/useful-articles/tamozhennaya-sertifikacziya/","0,916","119","0,921","","","","ru-RU","e763759f653ba6ceac1b9728bf2ed09f","Indexable",""
"https://longwang.ru/posledniye-novosti-iz-kitaya/page/8/","755","168","4,494","100,000","Very Easy","","0","","","","","","","","ru-RU","f723a09e797d8eec5d43cd1b9ff48584","Indexable",""
"https://longwang.ru/novosti-is-kitaya/keetayiskeeye-bankomati/","215","30","7,167","100,000","Very Easy","","0","https://longwang.ru/useful-articles/worlds-brend-equipment/","0,873","81","0,876","","","","ru-RU","5130cd55b2a6e9b20b4d9bb4b788b03e","Indexable",""
"https://longwang.ru/novosti-is-kitaya/https-longwang-ru-alibaba/","162","26","6,231","100,000","Very Easy","","0","https://longwang.ru/useful-articles/wholesale-goods-alibaba/","0,867","13","0,845","","","","ru-RU","c745eefc1349517316c77252fd133f01","Indexable",""
"https://longwang.ru/novosti-is-kitaya/spad-proizvodstva-kitaya/","1270","210","6,048","100,000","Very Easy","","0","https://longwang.ru/international/","0,940","124","0,919","","","","ru-RU","5832e5bb0137e10b3916883e4498f1bc","Indexable",""
"https://longwang.ru/novosti-is-kitaya/obmyenniyi-kurs-yuanya-upal/","195","30","6,500","100,000","Very Easy","","0","https://longwang.ru/useful-articles/obrazczy-dokumentov-dlya-raboty-s-postavshhikami-iz-kitaya/","0,866","102","0,889","","","","ru-RU","6cbd9f6f72f7b56b2b4304affbb7783","Indexable",""
"https://longwang.ru/posledniye-novosti-iz-kitaya/page/7/","751","170","4,418","100,000","Very Easy","85","1","","","","","","","","ru-RU","2b0478b0f078eee193207f48636f42cb","Indexable",""
"https://longwang.ru/useful-articles/chtoby-ozhidanie-sovpadalo-s-realnostyu-7-prakticheskih-rekomendaczii-dlya-vedeniya-biznesa-s-kitaem-s-nulya/","1542","268","5,754","100,000","Very Easy","","0","https://longwang.ru/useful-articles/obrazczy-dokumentov-dlya-raboty-s-postavshhikami-iz-kitaya/","0,914","129","0,925","","","","ru-RU","1e24cb25f2d5448187e0fe48f6fc4b74","Indexable",""
"https://longwang.ru/posledniye-novosti-iz-kitaya/page/5/","759","178","4,264","100,000","Very Easy","","0","","","","","","","","ru-RU","99f420231cf08a6a125f889725617d8e","Indexable",""
"https://longwang.ru/useful-articles/biznes-s-kitaem-s-nulya-chto-nuzhno-znat-nachinayushhemu-predprinimatelyu/","1753","349","5,023","100,000","Very Easy","","0","https://longwang.ru/novosti-is-kitaya/rost-czen-na-postavki-tovarov-iz-kitaya-v-rossiyu/","0,949","131","0,924","","","","ru-RU","ebea5810f749db2dfd97a40b0f3f7d03","Indexable",""
"https://longwang.ru/useful-articles/stoimost-dostavki-iz-kitaya/","1095","188","5,824","100,000","Very Easy","","0","https://longwang.ru/useful-articles/popular-products-china/","0,935","135","0,926","","","","ru-RU","c8cdfcbab045a00225d47a9543b93aea","Indexable",""
"https://longwang.ru/useful-articles/postavki-danfoss/","634","92","6,891","100,000","Very Easy","","0","https://longwang.ru/supplies-services-china/parallelnyj-import-is-kitaya/brands/danfoss-product-supplies/","0,955","71","0,879","","","","ru-RU","fdf4e9839efb1fb51439052d23f3ae85","Indexable",""
"https://longwang.ru/useful-articles/parallelnyj-import-segodnya/","1061","173","6,133","100,000","Very Easy","","0","https://longwang.ru/international/volna-kitayskogo-eksporta/","0,942","142","0,940","","","","ru-RU","9e9fdda3c206c430aee580f7c23a425e","Indexable",""
"https://longwang.ru/posledniye-novosti-iz-kitaya/page/6/","752","175","4,297","100,000","Very Easy","","0","","","","","","","","ru-RU","e66e864ec78d4568e652bbffaf0c7b82","Indexable",""
